event_id,starts_at,ends_at,local_date,venue,opponent_or_name,time_source,source,notes
holiday,2025-11-11T00:00:00,2025-11-12T00:00:00,2025-11-11,,Remembrance Day,all_day,BC statutory holiday calendar,"all-day local; quieter commute, not a festival"
holiday,2025-12-25T00:00:00,2025-12-26T00:00:00,2025-12-25,,Christmas Day,all_day,BC statutory holiday calendar,"all-day local; quieter commute, not a festival"
holiday,2025-12-26T00:00:00,2025-12-27T00:00:00,2025-12-26,,Boxing Day,all_day,BC statutory holiday calendar,"all-day local; quieter commute, not a festival"
holiday,2026-01-01T00:00:00,2026-01-02T00:00:00,2026-01-01,,New Year's Day,all_day,BC statutory holiday calendar,"all-day local; quieter commute, not a festival"
holiday,2026-02-16T00:00:00,2026-02-17T00:00:00,2026-02-16,,Family Day (BC),all_day,BC statutory holiday calendar,"all-day local; quieter commute, not a festival"
holiday,2026-04-03T00:00:00,2026-04-04T00:00:00,2026-04-03,,Good Friday,all_day,BC statutory holiday calendar,"all-day local; quieter commute, not a festival"
holiday,2026-05-18T00:00:00,2026-05-19T00:00:00,2026-05-18,,Victoria Day,all_day,BC statutory holiday calendar,"all-day local; quieter commute, not a festival"
fifa,2026-06-13T21:00:00,2026-06-14T02:00:00,2026-06-13,BC Place,Australia vs Turkiye,bcplace.com + fanvancouver PDT,FIFA.com / BC Place / FanVancouver,
fifa,2026-06-18T15:00:00,2026-06-18T20:00:00,2026-06-18,BC Place,Canada vs Qatar,bcplace.com + fanvancouver PDT,FIFA.com / BC Place / FanVancouver,
fifa,2026-06-21T18:00:00,2026-06-21T23:00:00,2026-06-21,BC Place,New Zealand vs Egypt,bcplace.com + fanvancouver PDT,FIFA.com / BC Place / FanVancouver,
fifa,2026-06-24T12:00:00,2026-06-24T17:00:00,2026-06-24,BC Place,Switzerland vs Canada,bcplace.com + fanvancouver PDT,FIFA.com / BC Place / FanVancouver,
fifa,2026-06-26T20:00:00,2026-06-27T01:00:00,2026-06-26,BC Place,New Zealand vs Belgium,bcplace.com + fanvancouver PDT,FIFA.com / BC Place / FanVancouver,
holiday,2026-07-01T00:00:00,2026-07-02T00:00:00,2026-07-01,,Canada Day,all_day,BC statutory holiday calendar,"all-day local; quieter commute, not a festival"
fifa,2026-07-02T20:00:00,2026-07-03T01:00:00,2026-07-02,BC Place,Switzerland vs Algeria (R32),fanvancouver PDT,FIFA.com / BC Place / FanVancouver,
fifa,2026-07-07T20:00:00,2026-07-08T01:00:00,2026-07-07,BC Place,Switzerland vs Colombia (R16),fanvancouver PDT; conflicts with earlier 13:00 PT placeholder,FIFA.com / BC Place / FanVancouver,
holiday,2026-08-03T00:00:00,2026-08-04T00:00:00,2026-08-03,,BC Day,all_day,BC statutory holiday calendar,"all-day local; quieter commute, not a festival"
